{
	"item.lolenderite.enderite_ingot": "Enderite Ingot",
	"item.lolenderite.raw_enderite": "Raw Enderite",
	"item.lolenderite.enderite_fragment": "Enderite Fragment",
	"item.lolenderite.enderite_helmet": "Enderite Helmet",
	"item.lolenderite.enderite_chestplate": "Enderite Chestplate",
	"item.lolenderite.enderite_leggings": "Enderite Leggings",
	"item.lolenderite.enderite_boots": "Enderite Boots",
	"item.lolenderite.enderite_sword": "Enderite Sword",
	"item.lolenderite.enderite_shovel": "Enderite Shovel",
	"item.lolenderite.enderite_pickaxe": "Enderite Pickaxe",
	"item.lolenderite.enderite_axe": "Enderite Axe",
	"item.lolenderite.enderite_hoe": "Enderite Hoe",
	"block.lolenderite.enderite_block": "Block of Enderite",
	"block.lolenderite.enderite_ore": "Enderite Ore",
	"item.lolenderite.obsidian_infused_enderite_ingot": "Obsidian-Infused Enderite Ingot",
	"item.lolenderite.obsidian_infused_enderite_sword": "Obsidian-Infused Enderite Sword",
	"item.lolenderite.obsidian_infused_enderite_shovel": "Obsidian-Infused Enderite Shovel",
	"item.lolenderite.obsidian_infused_enderite_pickaxe": "Obsidian-Infused Enderite Pickaxe",
	"item.lolenderite.obsidian_infused_enderite_axe": "Obsidian-Infused Enderite Axe",
	"item.lolenderite.obsidian_infused_enderite_hoe": "Obsidian-Infused Enderite Hoe"
}